Workbook

Sheet Global
A1: Aloo 1 : Cooler with copper foils ; m= 1346.5g
A2: Aloo 2 : electronic card ; m = 219.4g
A3: Pop : motherboard chip : m = 13.9g
A4: Main DI : CPU without metal coating ; m = 22.1g
A5: PCB, composants, Main Di : electronic card + metal coating CPU ; m = 109.8g
A9: The following hypotheses have been made:
A10: - By default: plastic 5% losses, metal 30% losses, precious metal 0%, other 5%. Electronic components: taken into account in the dataset. Silicon chip: see specific documentation in each line
B18: Add elementary flows for missing materials

Sheet PCB, composants, Main DI
A1: Element | B1: Concentration (%wt) | C1: 2σ (%wt) | D1: Concentration (g.T-1) | E1: Detected but which are at the limit of quantification on the equipment | F1: Mass within the product (g) | G1: Losses (%) | H1: Mass in EIME (g) | I1: Difference (g) | J1: Comment
A2: Ag | B2: 0.07 | C2: 0.02 | D2: 733 | F2: ='PCB, composants, Main DI'!$D2/1000000*$B$39 -> 0.0804834 | G2: 0 | H2: 0.129 | I2: ='PCB, composants, Main DI'!$F2-'PCB, composants, Main DI'!$H2 -> -0.0485166
A3: Al | B3: 1.36 | C3: 0.02 | D3: 13626 | F3: ='PCB, composants, Main DI'!$D3/1000000*$B$39 -> 1.4961348 | G3: 30 | H3: 7.3 | I3: ='PCB, composants, Main DI'!$F3-'PCB, composants, Main DI'!$H3 -> -5.8038652
A4: As | B4: 0 | C4: 0 | D4: 28 | E4: x | F4: ='PCB, composants, Main DI'!$D4/1000000*$B$39 -> 0.0030744 | G4: 5 | H4: 0 | I4: ='PCB, composants, Main DI'!$F4-'PCB, composants, Main DI'!$H4 -> 0.0030744 | J4: Elementary flow / Resources / Resources from ground / Non-renewable element resources from ground / Arsenic
A5: Au | B5: 0.02 | C5: 0 | D5: 246 | F5: ='PCB, composants, Main DI'!$D5/1000000*$B$39 -> 0.0270108 | G5: 0 | H5: 0.0237 | I5: ='PCB, composants, Main DI'!$F5-'PCB, composants, Main DI'!$H5 -> 0.0033108
A6: B | B6: 0.23 | C6: 0 | D6: 2286 | F6: ='PCB, composants, Main DI'!$D6/1000000*$B$39 -> 0.2510028 | G6: 5 | H6: 0 | I6: ='PCB, composants, Main DI'!$F6-'PCB, composants, Main DI'!$H6 -> 0.2510028 | J6: Elementary flow / Resources / Resources from ground / Non-renewable element resources from ground / Boron
A7: Ba | B7: 3.67 | C7: 0.02 | D7: 36747 | F7: ='PCB, composants, Main DI'!$D7/1000000*$B$39 -> 4.0348206 | G7: 5 | H7: 0.432 | I7: ='PCB, composants, Main DI'!$F7-'PCB, composants, Main DI'!$H7 -> 3.6028206
A8: Be | B8: 0 | C8: 0 | D8: 1 | E8: x | F8: ='PCB, composants, Main DI'!$D8/1000000*$B$39 -> 0.0001098 | G8: 5 | H8: 0 | I8: ='PCB, composants, Main DI'!$F8-'PCB, composants, Main DI'!$H8 -> 0.0001098 | J8: Elementary flow / Resources / Resources from ground / Non-renewable element resources from ground / Beryllium
A9: Bi | B9: 0.12 | C9: 0.01 | D9: 1185 | F9: ='PCB, composants, Main DI'!$D9/1000000*$B$39 -> 0.130113 | G9: 5 | H9: 0 | I9: ='PCB, composants, Main DI'!$F9-'PCB, composants, Main DI'!$H9 -> 0.130113 | J9: Elementary flow / Resources / Resources from ground / Non-renewable element resources from ground / Bismuth
A10: Ca | B10: 2.22 | C10: 0.1 | D10: 22165 | F10: ='PCB, composants, Main DI'!$D10/1000000*$B$39 -> 2.433717 | G10: 5 | H10: 0 | I10: ='PCB, composants, Main DI'!$F10-'PCB, composants, Main DI'!$H10 -> 2.433717
A11: Cd | B11: 0 | C11: 0 | D11: 2 | E11: x | F11: ='PCB, composants, Main DI'!$D11/1000000*$B$39 -> 0.0002196 | G11: 0 | H11: 0 | I11: ='PCB, composants, Main DI'!$F11-'PCB, composants, Main DI'!$H11 -> 0.0002196
A12: Co | B12: 0.02 | C12: 0 | D12: 246 | F12: ='PCB, composants, Main DI'!$D12/1000000*$B$39 -> 0.0270108 | G12: 5 | H12: 0 | I12: ='PCB, composants, Main DI'!$F12-'PCB, composants, Main DI'!$H12 -> 0.0270108 | J12: Elementary flow / Resources / Resources from ground / Non-renewable element resources from ground / Cobalt
A13: Cr | B13: 0.02 | C13: 0 | D13: 193 | F13: ='PCB, composants, Main DI'!$D13/1000000*$B$39 -> 0.0211914 | G13: 0 | H13: 0.000456 | I13: ='PCB, composants, Main DI'!$F13-'PCB, composants, Main DI'!$H13 -> 0.0207354
A14: Cu | B14: 47.94 | C14: 0.52 | D14: 479390 | F14: ='PCB, composants, Main DI'!$D14/1000000*$B$39 -> 52.637022 | G14: 30 | H14: 24.6 | I14: ='PCB, composants, Main DI'!$F14-'PCB, composants, Main DI'!$H14 -> 28.037022
A15: Fe | B15: 6.17 | C15: 0.09 | D15: 61651 | F15: ='PCB, composants, Main DI'!$D15/1000000*$B$39 -> 6.7692798 | G15: 30 | H15: 0.00157 | I15: ='PCB, composants, Main DI'!$F15-'PCB, composants, Main DI'!$H15 -> 6.7677098
A16: K | B16: 0 | C16: 0 | D16: 30 | E16: x | F16: ='PCB, composants, Main DI'!$D16/1000000*$B$39 -> 0.003294 | G16: 5 | H16: 0 | I16: ='PCB, composants, Main DI'!$F16-'PCB, composants, Main DI'!$H16 -> 0.003294
A17: Li | B17: 0 | C17: 0 | D17: 4 | E17: x | F17: ='PCB, composants, Main DI'!$D17/1000000*$B$39 -> 0.0004392 | G17: 5 | H17: 0 | I17: ='PCB, composants, Main DI'!$F17-'PCB, composants, Main DI'!$H17 -> 0.0004392
A18: Mg | B18: 0.07 | C18: 0 | D18: 674 | F18: ='PCB, composants, Main DI'!$D18/1000000*$B$39 -> 0.0740052 | G18: 30 | H18: 0.0249 | I18: ='PCB, composants, Main DI'!$F18-'PCB, composants, Main DI'!$H18 -> 0.0491052
A19: Mn | B19: 0.56 | C19: 0.01 | D19: 5645 | F19: ='PCB, composants, Main DI'!$D19/1000000*$B$39 -> 0.619821 | G19: 30 | H19: 0 | I19: ='PCB, composants, Main DI'!$F19-'PCB, composants, Main DI'!$H19 -> 0.619821
A20: Na | B20: 0.34 | C20: 0.01 | D20: 3409 | F20: ='PCB, composants, Main DI'!$D20/1000000*$B$39 -> 0.3743082 | G20: 5 | H20: 8.41 | I20: ='PCB, composants, Main DI'!$F20-'PCB, composants, Main DI'!$H20 -> -8.0356918 | J20: Elementary flow / Resources / Resources from ground / Non-renewable element resources from ground / Sodium
A21: Ni | B21: 2.24 | C21: 0.01 | D21: 22433 | F21: ='PCB, composants, Main DI'!$D21/1000000*$B$39 -> 2.4631434 | G21: 5 | H21: 1.2 | I21: ='PCB, composants, Main DI'!$F21-'PCB, composants, Main DI'!$H21 -> 1.2631434
A22: Pb | B22: 0.02 | C22: 0 | D22: 215 | F22: ='PCB, composants, Main DI'!$D22/1000000*$B$39 -> 0.023607 | G22: 30 | H22: 0.016 | I22: ='PCB, composants, Main DI'!$F22-'PCB, composants, Main DI'!$H22 -> 0.007607
A23: Pd | B23: 0.02 | C23: 0 | D23: 238 | F23: ='PCB, composants, Main DI'!$D23/1000000*$B$39 -> 0.0261324 | G23: 0 | H23: 0.00532 | I23: ='PCB, composants, Main DI'!$F23-'PCB, composants, Main DI'!$H23 -> 0.0208124 | J23: Elementary flow / Resources / Resources from ground / Non-renewable element resources from ground / Palladium
A24: Pt | B24: 0 | C24: 0 | D24: 38 | E24: x | F24: ='PCB, composants, Main DI'!$D24/1000000*$B$39 -> 0.0041724 | G24: 0 | H24: 0 | I24: ='PCB, composants, Main DI'!$F24-'PCB, composants, Main DI'!$H24 -> 0.0041724 | J24: Elementary flow / Resources / Resources from ground / Non-renewable element resources from ground / Platinum
A25: Sb | B25: 0 | C25: 0 | D25: 41 | E25: x | F25: ='PCB, composants, Main DI'!$D25/1000000*$B$39 -> 0.0045018 | G25: 0 | H25: 0.0281 | I25: ='PCB, composants, Main DI'!$F25-'PCB, composants, Main DI'!$H25 -> -0.0235982
A26: Se | B26: 0 | C26: 0 | D26: 37 | E26: x | F26: ='PCB, composants, Main DI'!$D26/1000000*$B$39 -> 0.0040626 | G26: 0 | H26: 0 | I26: ='PCB, composants, Main DI'!$F26-'PCB, composants, Main DI'!$H26 -> 0.0040626 | J26: Elementary flow / Resources / Resources from ground / Non-renewable element resources from ground / Selenium
A27: Si | B27: 5.33 | C27: 0.66 | D27: 53335 | F27: ='PCB, composants, Main DI'!$D27/1000000*$B$39 -> 5.856183 | G27: N/A (die) | H27: =2.27+0.259 -> 2.529 | I27: ='PCB, composants, Main DI'!$F27-'PCB, composants, Main DI'!$H27 -> 3.327183 | J27: Not assessed - die
A28: Sn | B28: 4.52 | C28: 0.1 | D28: 45159 | F28: ='PCB, composants, Main DI'!$D28/1000000*$B$39 -> 4.9584582 | G28: 30 | H28: 0.142 | I28: ='PCB, composants, Main DI'!$F28-'PCB, composants, Main DI'!$H28 -> 4.8164582
A29: Ti | B29: 1.23 | C29: 0.04 | D29: 12282 | F29: ='PCB, composants, Main DI'!$D29/1000000*$B$39 -> 1.3485636 | G29: 5 | H29: 0.252 | I29: ='PCB, composants, Main DI'!$F29-'PCB, composants, Main DI'!$H29 -> 1.0965636
A30: Tl | B30: 0 | C30: 0 | D30: 28 | E30: x | F30: ='PCB, composants, Main DI'!$D30/1000000*$B$39 -> 0.0030744 | G30: 0 | H30: 0 | I30: ='PCB, composants, Main DI'!$F30-'PCB, composants, Main DI'!$H30 -> 0.0030744 | J30: Elementary flow / Resources / Resources from ground / Non-renewable element resources from ground / Thallium
A31: V | B31: 0 | C31: 0 | D31: 20 | E31: x | F31: ='PCB, composants, Main DI'!$D31/1000000*$B$39 -> 0.002196 | G31: 5 | H31: 0 | I31: ='PCB, composants, Main DI'!$F31-'PCB, composants, Main DI'!$H31 -> 0.002196 | J31: Elementary flow / Resources / Resources from ground / Non-renewable element resources from ground / Vanadium
A32: Zn | B32: 0.17 | C32: 0 | D32: 1743 | F32: ='PCB, composants, Main DI'!$D32/1000000*$B$39 -> 0.1913814 | G32: 30 | H32: 0.00332 | I32: ='PCB, composants, Main DI'!$F32-'PCB, composants, Main DI'!$H32 -> 0.1880614
A33: Indissous | B33: 0.29 | D33: ='PCB, composants, Main DI'!$B33/100*1000000 -> 2900 | F33: ='PCB, composants, Main DI'!$D33/1000000*$B$39 -> 0.31842 | G33: 5 | I33: ='PCB, composants, Main DI'!$F33-'PCB, composants, Main DI'!$H33 -> 0.31842
A34: Pertes à la pyrolyse | B34: 10.29 | D34: ='PCB, composants, Main DI'!$B34/100*1000000 -> 102900 | F34: ='PCB, composants, Main DI'!$D34/1000000*$B$39 -> 11.29842 | G34: 5 | I34: ='PCB, composants, Main DI'!$F34-'PCB, composants, Main DI'!$H34 -> 11.29842
A35: Polymères et oxygène | B35: 13.04 | D35: ='PCB, composants, Main DI'!$B35/100*1000000 -> 130400 | F35: ='PCB, composants, Main DI'!$D35/1000000*$B$39 -> 14.31792 | G35: 5 | I35: ='PCB, composants, Main DI'!$F35-'PCB, composants, Main DI'!$H35 -> 14.31792
A39: Masse totale (g) | B39: 109.8
